adney, aldo, aleyn, alford, amherst, angel, anson, archibald, aries, arwen, astin, atley, atwell, audie, avery, ayers, baker, balder, ballentine, bardalph, barker, barric, bayard, bishop, blaan, blackburn, blade, blaine, blaze, bramwell, brant, brawley, breri, briar, brighton, broderick, bronson, bryce, burdette, burle, byrd, byron, cabal, cage, cahir, cavalon, cedar, chatillon, churchill, clachas, addison, alivia, allaya, amarie, amaris, annabeth, annalynn, araminta, ardys, ashland, avery, bedegrayne, bernadette, billie, birdee, bliss, brice, brittany, bryony, cameo, carol, chalee, christy, corky, cotovatre, courage, daelen, dana, darnell, dawn, delsie, denita, devon, devona, diamond, divinity, duff, dustin, dusty, ellen, eppie, evelyn, everilda, falynn, fanny, faren, freedom, gala, galen, gardenia, cleavant, cleomenes, cloten, colson, colton, crandall, cupid, curio, dacian, dack, daelen, dagonet, dailan, dakin, dallin, dalton, dartmouth, dathan, dawson, dax, deandre, demarco, denton, denver, denzel, derward, diamond, dickinson, dillard, doane, doc, draper, dugan, dunley, dunn, dunstan, dwyer, dyson, ebony, edison, edred, edwy, egbert, eldwin, elgin, ellis, elwood, emmett, errol, escalus, germain, gig, gilda, giselle, githa, haiden, halston, heather, henna, honey, iblis, idalis, ilsa, jersey, jette, jill, jo beth, joanna, kachelle, kade, kady, kaela, kalyn, kandice, karrie, karyn, katiuscia, kempley, kenda, kennice, kenyon, kiandra, kimber, kimn, kinsey, kipling, kipp, kismet, kolton, kordell, kortney, kourtney, kristal, kylar, ladawn, ladye, lainey, lajerrica, lake, lalisa, ethelbert, ethelred, ethelwolf, everest, ewing, falkner, falstaff, farnell, farold, farran, fenton, finch, fitz, fleming, flint, fox, freedom, freyr, frollo, gaines, gale, gallant, gamel, garfield, garrett, geary, gene, gifford, gildas, gomer, graham, grand, green, gremio, gresham, griffin, grover, grumio, guard, guildenstern, guinness, hart, haskel, heathcliff, heaton, helmut, herring, herve, hickory, houston, landen, landon, landry, laney, langley, lanna, laquetta, lari, lark, laurel, lavender, leane, leann, leanna, leanne, leanore, lee, leeann, leighanna, lexie, lexis, liberty, liliana, lillian, lindley, linne, liora, lisabet, liz, lizette, lona, london, loni, lorena, loretta, lovette, lynde, lyndon, lyndsay, lynette, lynley, lynna, lynton, mada, maddox, madison, mae, maggie, mahogany, maia, howard, howe, hoyt, hurst, huxley, indiana, innocent, jagger, jarrell, jax, jaxon, jay, jet, judson, julian, kaid, keane, keaton, kell, kelsey, kelvin, kennard, kenneth, kentlee, ker, kester, kestrel, kingsley, kirby, klay, knightley, knowles, kody, kolby, kolton, kyler, lake, langden, langston, lathrop, leighton, lensar, lex, lindell, lindsay, livingston, locke, london, lord, lowell, maitane, maitland, malachite, mamie, manhattan, maridel, marla, marley, marliss, maud, may, merleen, mersadize, mildred, milissa, millicent, mily, mopsa, mykala, nan, nautica, nelda, niki, nikole, nimue, nineve, norina, ofa, palmer, pansy, paris, patience, patricia, peony, petunia, pixie, pleasance, polly, primrose, princell, providence, purity, quanah, queena, quella, quinci, rae, rainbow, rainelle, raleigh, ludlow, luke, lusk, lyndal, lyndall, lynn, lynton, maddox, mallin, mander, mansfield, markham, marland, marley, marrock, marsh, marston, martin, marvin, massey, matheson, maverick, maxwell, mayer, melborn, melbourne, melburn, meldon, melor, merrick, merton, miles, monte, montgomery, moreland, morley, morrison, myles, nagel, ned, nellie, nesbit, newbury, newt, nile, norman, norris, northcliff, northrop, norton, ralphina, randi, raven, rayelle, rea, remington, richelle, ripley, roberta, robin, rosemary, rowan, rumer, ryesen, sable, sadie, saffron, saga, saige, salal, salia, sandora, sebille, sebrina, selby, serenity, shae, shandy, shanice, sharman, shelbi, sheldon, shelley, sheridan, sherill, sheryl, sheyla, shirley, shirlyn, silver, skyla, skylar, sorilbran, sparrow, spring, starleen, stockard, storm, sudie, summer, norvell, norvin, norwin, nuys, obsidian, octha, odell, odette, offa, orlan, ormond, orrick, orson, osborn, osgood, osric, ossie, overton, pacey, parsifal, peers, pelleas, pelton, penda, pierce, piers, powell, quirin, radbert, radford, radley, radnor, raine, randal, rawdan, rayce, reed, reynold, rhett, rhodes, richard, ridge, ridgley, ris, rivalen, rivers, roan, robin, robson, rockleigh, sunniva, suzana, symphony, tacey, tahnee, taite, talon, tambre, tamia, taniya, tanner, tanzi, taria, tate, tatum, tawnie, taya, tayla, taylor, tayna, teddi, tena, tera, teri, teryl, thistle, timotha, tinble, tosha, totie, traci, tru, trudie, trudy, tryamon, tuesday, twila, twyla, tyne, udele, unity, vail, vala, velvet, venetta, walker, wallis, waneta, waverly, wendy, rockwell, roden, roe, roldan, rosencrantz, ross, roswell, rowley, royce, rudd, rugby, rune, ryder, sadler, sage, salisbury, salter, sanborn, sandhurst, saxon, scarus, searles, seaton, sedgwick, seger, selby, seldon, selwyn, seton, severin, sewell, shade, shadow, shelby, sheldon, shepley, sherborn, sidwell, siler, simeon, siward, skye, slate, smith, somerby, somerton, sommar, spalding, spaulding, speers, weslee, whitley, whitney, whoopi, wilda, wilfreda, willow, wilona, winifred, winsome, winter, wisdom, wrenn, yale, yardley, yeardley, yedda, young, ysolde, zadie, zanda, zavannah, zavia, zeolia, zinnia, stafford, stamford, stanbury, stancliff, stanwick, starr, steadman, sterling, stetson, stiles, sting, stoke, storm, stuart, sunny, sydney, sylvester, taft, talon, tem, templeton, thompson, thorley, thorndike, tolbert, tyson, uchtred, udall, udel, udolf, ulland, ulmer, unten, unwin, upjohn, upton, upwood, usher, uther, vail, valen, verges, versey, vine, vinson, vinton, voltimand, vortigem, wadell, wadley, wadsworth, wain, waite, walcott, wales, walford, walfred, walker, waller, walmir, walsh, walworth, walwyn, warburton, ward, warden, wardford, wardley, ware, waring, warley, warrick, warton, warwick, washburn, wat, watford, wayde, waylon, webb, welcome, weldon, westbrook, whistler, whitby, whitcomb, whittaker, wid, wiley, wilford, willow, wilton, wingy, wirt, wisdom, wissian, witton, wolcott, wolf, wolfe, woodis, woodson, wulfsige, wyclef, wynton, wynward, wyson, wythe, yardley, yeoman, yorath, yule, zani
